{
  "pin": {
    "pinnedX": 0.6718604651162792,
    "pinnedY": 0.6612244897959184,
    "screenW": 432.0000000000001,
    "screenH": 323.99999999999994
  },
  "beforeRect": {
    "x": 939.6,
    "y": 486.00000000000006,
    "width": 432.0000000000001,
    "height": 323.99999999999994
  },
  "portalRect": {
    "x": 939.59375,
    "y": 486,
    "width": 432,
    "height": 324
  },
  "deltaCenter": {
    "dx": -0.01,
    "dy": 0
  },
  "deltaSize": {
    "dw": 0,
    "dh": 0
  },
  "hasVideo": true
}